{
  "quantum": {
    "reconstruction_val_MAE": 0.003961924393542389,
    "reconstruction_val_RMSE": 0.005434201460362932,
    "reconstruction_val_R2": 0.9968286496352086,
    "n_params": 31370,
    "epochs_trained": 77,
    "best_val_loss": 0.09368103742599487
  },
  "classical": {
    "reconstruction_val_MAE": 0.0014598482161336304,
    "reconstruction_val_RMSE": 0.0022804037210660075,
    "reconstruction_val_R2": 0.999441534644141,
    "n_params": 31390,
    "epochs_trained": 103,
    "best_val_loss": 0.012100834399461746
  },
  "temporal_latent_MAE": 0.018392710015177727,
  "temporal_latent_R2": 0.9596264362335205,
  "latent_dim": 8
}