{
  "quantum": {
    "reconstruction_val_MAE": 0.003918950835063005,
    "reconstruction_val_RMSE": 0.005344587274803441,
    "reconstruction_val_R2": 0.9969323832416485,
    "n_params": 31370,
    "epochs_trained": 64,
    "best_val_loss": 0.1109052374958992
  },
  "classical": {
    "reconstruction_val_MAE": 0.0013408260913581784,
    "reconstruction_val_RMSE": 0.002056375634957856,
    "reconstruction_val_R2": 0.999545872654461,
    "n_params": 31390,
    "epochs_trained": 97,
    "best_val_loss": 0.012513147667050362
  },
  "temporal_latent_MAE": 0.012414854019880295,
  "temporal_latent_R2": 0.9785216450691223,
  "latent_dim": 8
}