{
  "quantum": {
    "reconstruction_val_MAE": 0.003556332248045331,
    "reconstruction_val_RMSE": 0.004727035187515455,
    "reconstruction_val_R2": 0.9976003360601304,
    "n_params": 31370,
    "epochs_trained": 46,
    "best_val_loss": 0.07891461253166199
  },
  "classical": {
    "reconstruction_val_MAE": 0.004028419758170543,
    "reconstruction_val_RMSE": 0.005700110271887519,
    "reconstruction_val_R2": 0.9965106922913958,
    "n_params": 31390,
    "epochs_trained": 33,
    "best_val_loss": 0.09585335105657578
  },
  "temporal_latent_MAE": 0.016620835289359093,
  "temporal_latent_R2": 0.9648686051368713,
  "latent_dim": 8
}