{
  "ridge": {
    "MAE": 0.0028466830106340297,
    "RMSE": 0.0038802026544585855,
    "MAPE (%)": 1.5974347566776415,
    "R\u00b2": 0.998422865132352,
    "Max Error": 0.018050374837631944
  },
  "xgboost": {
    "MAE": 0.003866295128158466,
    "RMSE": 0.005412556061866343,
    "MAPE (%)": 2.168984394368511,
    "R\u00b2": 0.9969312265237739,
    "Max Error": 0.026358091469749267
  },
  "lstm": {
    "MAE": 0.004941704633194756,
    "RMSE": 0.007023525282971854,
    "MAPE (%)": 3.0089393754845863,
    "R\u00b2": 0.9948326209909368,
    "Max Error": 0.03484900464004803
  }
}