{
  "ridge": {
    "MAE": 0.002846683010634018,
    "RMSE": 0.0038802026544585582,
    "MAPE (%)": 1.5974347566776312,
    "R\u00b2": 0.998422865132352,
    "Max Error": 0.01805037483763272
  },
  "naive_persistence": {
    "MAE": 0.0025560768157795164,
    "RMSE": 0.0034772267351084302,
    "MAPE (%)": 1.379619936926151,
    "R\u00b2": 0.9987334392170805,
    "Max Error": 0.01803006352700992
  },
  "xgboost": {
    "MAE": 0.004201759006940549,
    "RMSE": 0.00608536372726249,
    "MAPE (%)": 2.361412386097287,
    "R\u00b2": 0.9961208810291086,
    "Max Error": 0.03031266061470192
  },
  "lstm": {
    "MAE": 0.004169359207817081,
    "RMSE": 0.005914319620428789,
    "MAPE (%)": 2.4927988920767983,
    "R\u00b2": 0.9963358807607753,
    "Max Error": 0.03280367164039477
  }
}