{
  "QKGP": {
    "status": "ok",
    "val_MAE": 0.021049167993987997,
    "val_RMSE": 0.02721057981401753,
    "val_R2": 0.9224403914558477,
    "time_seconds": 0.7399523258209229
  },
  "QRLSTM": {
    "status": "ok",
    "val_MAE": 0.002720712013578441,
    "val_RMSE": 0.003636722224097143,
    "val_R2": 0.9985384700463803,
    "time_seconds": 1.9980659484863281
  }
}