{
  "quantum": {
    "reconstruction_val_MAE": 0.007988663303967613,
    "reconstruction_val_RMSE": 0.010367314474897252,
    "reconstruction_val_R2": 0.9884573560427288,
    "n_params": 31370,
    "epochs_trained": 55,
    "best_val_loss": 0.26770007610321045
  },
  "classical": {
    "reconstruction_val_MAE": 0.002287340329615156,
    "reconstruction_val_RMSE": 0.0032868654709145785,
    "reconstruction_val_R2": 0.998839789976474,
    "n_params": 31390,
    "epochs_trained": 46,
    "best_val_loss": 0.02594042755663395
  },
  "temporal_latent_MAE": 0.04016660898923874,
  "temporal_latent_R2": 0.6288375854492188,
  "latent_dim": 8
}