{
  "note": "Auxiliary RW validation only; not part of official challenge benchmark.",
  "rw_file": "C:\\Users\\jorge\\Downloads\\rw_6days.xlsx",
  "n_days": 6,
  "n_points": 224,
  "best_model_by_mae": "Naive Persistence",
  "best_model_metrics": {
    "MAE": 0.00026536845720848953,
    "RMSE": 0.00032499205349443,
    "R2": 0.9999883310388281
  },
  "best_model_by_avg_horizon_mae": "Naive Persistence",
  "per_horizon_mae": {
    "Ridge": {
      "h1": 0.00036804956133950966,
      "h2": 0.000537824783549605,
      "h3": 0.0007973229966192642,
      "h4": 0.0010582533928589048,
      "h5": 0.0013095202439124855,
      "h6": 0.0011897418231166805
    },
    "Naive Persistence": {
      "h1": 0.00013460130157192974,
      "h2": 0.00022929784000598244,
      "h3": 0.0002366724813630153,
      "h4": 0.00031613170785676646,
      "h5": 0.0003669462950646398,
      "h6": 0.0003085611173886034
    },
    "QRC": {
      "h1": 0.026719295725347727,
      "h2": 0.02774415500453952,
      "h3": 0.027252640487304185,
      "h4": 0.027464687837067656,
      "h5": 0.027473013769743097,
      "h6": 0.027399021366243097
    },
    "QAE": {
      "h1": 0.002302491722692892,
      "h2": 0.0023408144199217294,
      "h3": 0.002570011659644998,
      "h4": 0.0032230497799882675,
      "h5": 0.003990511238098701,
      "h6": 0.005089541069686649
    },
    "QKGP": {
      "h1": 0.0516579753501788,
      "h2": 0.03234733703941007,
      "h3": 0.0497506247652536,
      "h4": 0.029791058066964776,
      "h5": 0.011760610734725856,
      "h6": 0.030350646922259885
    },
    "QRLSTM": {
      "h1": 0.0006000541968937048,
      "h2": 0.0013465870572555107,
      "h3": 0.0019684640860232394,
      "h4": 0.0026487169178479528,
      "h5": 0.0032655698691097085,
      "h6": 0.003754677710276911
    }
  },
  "results": {
    "Naive Persistence": {
      "MAE": 0.00026536845720848953,
      "RMSE": 0.00032499205349443,
      "R2": 0.9999883310388281
    },
    "Ridge": {
      "MAE": 0.0008767854668994083,
      "RMSE": 0.0011936430166893735,
      "R2": 0.999842588798484
    },
    "QRLSTM": {
      "MAE": 0.002264011639567838,
      "RMSE": 0.0033284143255797203,
      "R2": 0.9987760562024407
    },
    "QAE": {
      "MAE": 0.0032527366483388726,
      "RMSE": 0.004101165333333129,
      "R2": 0.998141762303129
    },
    "QRC": {
      "MAE": 0.02734213569837422,
      "RMSE": 0.0298246037767413,
      "R2": 0.9017265786316802
    },
    "QKGP": {
      "MAE": 0.03427637547979883,
      "RMSE": 0.04047154732018978,
      "R2": 0.8190384413280254
    }
  }
}